अव्यय (Indeclinables): वे शब्द जो लिंग/वचन/विभक्ति के अनुसार रूप नहीं बदलते, अव्यय कहलाते हैं।
(उदाहरण-च, एव, अपि, तु, न, इति, यथा, अत्र, तत्र, कदा, सदा आदि)

1. निपात (Particles)
च: and
	Example: रामः च सीता च गच्छतः।
वा: or
	Example: जलं वा क्षीरं वा पिब।
अपि: also, even
	Example: अहम् अपि गच्छामि।
एव: only, indeed
	Example: स एव राजा।
तु: but, however
	Example: स गच्छति, तु अहं तिष्ठामि।
हि: indeed, for
	Example: सत्यं हि जयति।
न: not
	Example: अहं न गच्छामि।
किंतु: but, however
	Example: स इच्छति किंतु न शक्नोति।
खलु: indeed, certainly
	Example: एतत् खलु सत्यं।
नूनम्: surely, certainly
	Example: नूनं स आगच्छति।
अथ: then, now
	Example: अथ कथा आरभ्यते।
स्म: (past narrative particle)
	Example: स स्म गृहे वसति।
नु: (interrogative particle)
	Example: किम् नु त्वं जानासि?
इति: thus, “quotation end”
	Example: ‘गच्छ’ इति स उवाच।
इव: like, as if
	Example: सिंह इव धावति।

2. देशवाचक अव्यय (Place)
अत्र: here
	Example: अत्र वसामि।
तत्र: there
	Example: तत्र गच्छ।
इह: here, in this world
	Example: इह सुखं लभते।
कुत्र: where?
	Example: कुत्र गच्छसि?
यत्र: where/wherever
	Example: यत्र रामः तत्र सीता।
तत्रैव: just there
	Example: तत्रैव तिष्ठ।
सर्वत्र: everywhere
	Example: सर्वत्र जलं अस्ति।

3. कालवाचक अव्यय (Time)
अद्य: today
	Example: अद्य विद्यालयं गच्छामि।
ह्यः: yesterday
	Example: ह्यः अहं आगतः।
श्वः: tomorrow
	Example: श्वः मिलामः।
इदानीम्: now
	Example: इदानीं लिख।
तदा: then
	Example: तदा स हसति।
कदा: when?
	Example: कदा आगच्छसि?
सदा: always
	Example: सदा सत्यं वद।
कदाचित्: sometimes
	Example: कदाचित् वर्षति।
ततः: thereafter, from there
	Example: ततः गृहं गच्छामि।

4. प्रकार/रीति-वाचक अव्यय (Manner)
यथा: as, just as
	Example: यथा गुरुः वदति तथा कुरु।
तथा: thus, so
	Example: तथा भवतु।
एवं: thus, in this way
	Example: एवं लिख।
कथम्: how?
	Example: कथं गच्छसि?
शीघ्रम्: quickly
	Example: शीघ्रं आगच्छ।
चिरम्: for a long time
	Example: चिरं तिष्ठ।

5. संयोजक/संबंधसूचक युग्म (Correlatives)
यदा … तदा: when … then
	Example: यदा वर्षति तदा शीतं भवति।
यथा … तथा: as … so
	Example: यथा बीजं तथा फलम्।
यत्र … तत्र: where … there
	Example: यत्र धर्मः तत्र जयः।
यदि … तर्हि: if … then
	Example: यदि पठसि तर्हि विजयं प्राप्स्यसि।
अपि चेत् … तथापि: even if … still
	Example: अपि चेत् क्लेशः, तथापि धैर्यम्।

(नोट: उपसर्ग भी अव्यय-प्रकार में आते हैं; यह फ़ाइल मुख्यतः निपात/क्रियाविशेषण अव्ययों के लिए है।)
